-- SQL data initialization script generated from DataLoader

-- Medicos
INSERT INTO medico (id, nombre, especialidad, usuario, password, duracion_cita_minutos, precio_por_minuto) VALUES (1, 'Dr. Carlos Gutiérrez', 'Cardiología', 'carlos', '{bcrypt}$2a$10$Dqu3iTbntrtA5.4OQXb43uHU08DqKkDjnnaro.2Yo8XTkg8YOzdtO', 30, 1.50);
INSERT INTO medico (id, nombre, especialidad, usuario, password, duracion_cita_minutos, precio_por_minuto) VALUES (2, 'Dra. Ana Martínez', 'Pediatría', 'ana', '{bcrypt}$2a$10$bRJgEWjUhxYl//fuPObEyuM16/Uy9l8/FCMaI75Uk.bM/Nbk9SbFS', 20, 2.00);
INSERT INTO medico (id, nombre, especialidad, usuario, password, duracion_cita_minutos, precio_por_minuto) VALUES (3, 'Dr. Luis Fernández', 'Dermatología', 'luis', '{bcrypt}$2a$10$Mm57m1L4GG9CsZMq57fPbuFGNjEmCVqOepMJmr1VkaM9Ap1Bu0A2m', 15, 2.50);
INSERT INTO medico (id, nombre, especialidad, usuario, password, duracion_cita_minutos, precio_por_minuto) VALUES (4, 'Dra. Sofía Vega', 'Ginecología', 'sofia', '{bcrypt}$2a$10$h.HsVISpRZXCnq/DEksFueT0x/NaBObt8Yvq91Ff2qFNXJvF8r2W2', 30, 2.00);
INSERT INTO medico (id, nombre, especialidad, usuario, password, duracion_cita_minutos, precio_por_minuto) VALUES (5, 'Dr. Miguel Herrero', 'Traumatología', 'miguel', '{bcrypt}$2a$10$JBM5PHE/jSaYzRzDCP9fKuIjies.DEHRQc47TpCmY2FjqxaVfBhkG', 45, 1.80);
INSERT INTO medico (id, nombre, especialidad, usuario, password, duracion_cita_minutos, precio_por_minuto) VALUES (6, 'Dra. Elena Ramos', 'Oftalmología', 'elena', '{bcrypt}$2a$10$TK6LegeeguofvkFTty90PeXHI5pdyX08gGVHa/2VIHPYyBmd1WumC', 20, 2.20);

-- Pacientes
INSERT INTO paciente (id, nombre, email, telefono) VALUES (1, 'Alejandro Ruiz', 'alejandro.ruiz@email.com', '601234567');
INSERT INTO paciente (id, nombre, email, telefono) VALUES (2, 'Beatriz Gómez', 'beatriz.gomez@email.com', '612345678');
INSERT INTO paciente (id, nombre, email, telefono) VALUES (3, 'Carlos Ortega', 'carlos.ortega@email.com', '623456789');
INSERT INTO paciente (id, nombre, email, telefono) VALUES (4, 'Diana Castro', 'diana.castro@email.com', '634567890');
INSERT INTO paciente (id, nombre, email, telefono) VALUES (5, 'Eduardo Marín', 'eduardo.marin@email.com', '645678901');
INSERT INTO paciente (id, nombre, email, telefono) VALUES (6, 'Fernanda Gil', 'fernanda.gil@email.com', '656789012');
INSERT INTO paciente (id, nombre, email, telefono) VALUES (7, 'Gabriel Navarro', 'gabriel.navarro@email.com', '667890123');
INSERT INTO paciente (id, nombre, email, telefono) VALUES (8, 'Helena Vidal', 'helena.vidal@email.com', '678901234');
INSERT INTO paciente (id, nombre, email, telefono) VALUES (9, 'Ignacio Pardo', 'ignacio.pardo@email.com', '689012345');
INSERT INTO paciente (id, nombre, email, telefono) VALUES (10, 'Julia Montes', 'julia.montes@email.com', '690123456');
INSERT INTO paciente (id, nombre, email, telefono) VALUES (11, 'Kevin Ramos', 'kevin.ramos@email.com', '602345678');
INSERT INTO paciente (id, nombre, email, telefono) VALUES (12, 'Laura Soler', 'laura.soler@email.com', '613456789');
INSERT INTO paciente (id, nombre, email, telefono) VALUES (13, 'Manuel Vega', 'manuel.vega@email.com', '624567890');
INSERT INTO paciente (id, nombre, email, telefono) VALUES (14, 'Natalia Rivas', 'natalia.rivas@email.com', '635678901');
INSERT INTO paciente (id, nombre, email, telefono) VALUES (15, 'Oscar Ferrer', 'oscar.ferrer@email.com', '646789012');
INSERT INTO paciente (id, nombre, email, telefono) VALUES (16, 'Patricia Aguilar', 'patricia.aguilar@email.com', '657890123');
INSERT INTO paciente (id, nombre, email, telefono) VALUES (17, 'Quirino Flores', 'quirino.flores@email.com', '668901234');
INSERT INTO paciente (id, nombre, email, telefono) VALUES (18, 'Rosa Crespo', 'rosa.crespo@email.com', '679012345');
INSERT INTO paciente (id, nombre, email, telefono) VALUES (19, 'Sergio Benítez', 'sergio.benitez@email.com', '680123456');
INSERT INTO paciente (id, nombre, email, telefono) VALUES (20, 'Teresa Hidalgo', 'teresa.hidalgo@email.com', '691234567');
INSERT INTO paciente (id, nombre, email, telefono) VALUES (21, 'Ulrich Sanz', 'ulrich.sanz@email.com', '603456789');
INSERT INTO paciente (id, nombre, email, telefono) VALUES (22, 'Valeria Romero', 'valeria.romero@email.com', '614567890');
INSERT INTO paciente (id, nombre, email, telefono) VALUES (23, 'Walter Medina', 'walter.medina@email.com', '625678901');
INSERT INTO paciente (id, nombre, email, telefono) VALUES (24, 'Ximena Cruz', 'ximena.cruz@email.com', '636789012');
INSERT INTO paciente (id, nombre, email, telefono) VALUES (25, 'Yago Pascual', 'yago.pascual@email.com', '647890123');
INSERT INTO paciente (id, nombre, email, telefono) VALUES (26, 'Zoe Blanco', 'zoe.blanco@email.com', '658901234');
INSERT INTO paciente (id, nombre, email, telefono) VALUES (27, 'Andrés Garrido', 'andres.garrido@email.com', '669012345');
INSERT INTO paciente (id, nombre, email, telefono) VALUES (28, 'Blanca Fuentes', 'blanca.fuentes@email.com', '670123456');
INSERT INTO paciente (id, nombre, email, telefono) VALUES (29, 'César Torres', 'cesar.torres@email.com', '681234567');
INSERT INTO paciente (id, nombre, email, telefono) VALUES (30, 'Dolores Muñoz', 'dolores.munoz@email.com', '692345678');
INSERT INTO paciente (id, nombre, email, telefono) VALUES (31, 'Emilio Calvo', 'emilio.calvo@email.com', '604567890');
INSERT INTO paciente (id, nombre, email, telefono) VALUES (32, 'Francisca Cabrera', 'francisca.cabrera@email.com', '615678901');
INSERT INTO paciente (id, nombre, email, telefono) VALUES (33, 'Guillermo Pastor', 'guillermo.pastor@email.com', '626789012');
INSERT INTO paciente (id, nombre, email, telefono) VALUES (34, 'Irene Santana', 'irene.santana@email.com', '637890123');
INSERT INTO paciente (id, nombre, email, telefono) VALUES (35, 'Jaime Roldán', 'jaime.roldan@email.com', '648901234');
INSERT INTO paciente (id, nombre, email, telefono) VALUES (36, 'Karen Soto', 'karen.soto@email.com', '659012345');
INSERT INTO paciente (id, nombre, email, telefono) VALUES (37, 'Luis Herrero', 'luis.herrero@email.com', '670123456');
INSERT INTO paciente (id, nombre, email, telefono) VALUES (38, 'Marta Lara', 'marta.lara@email.com', '681234567');
INSERT INTO paciente (id, nombre, email, telefono) VALUES (39, 'Nicolás Díaz', 'nicolas.diaz@email.com', '692345678');
INSERT INTO paciente (id, nombre, email, telefono) VALUES (40, 'Olivia López', 'olivia.lopez@email.com', '605678901');
INSERT INTO paciente (id, nombre, email, telefono) VALUES (41, 'Pablo Pérez', 'pablo.perez@email.com', '616789012');
INSERT INTO paciente (id, nombre, email, telefono) VALUES (42, 'Raquel Gómez', 'raquel.gomez@email.com', '627890123');
INSERT INTO paciente (id, nombre, email, telefono) VALUES (43, 'Santiago Ruiz', 'santiago.ruiz@email.com', '638901234');
INSERT INTO paciente (id, nombre, email, telefono) VALUES (44, 'Tatiana Castro', 'tatiana.castro@email.com', '649012345');
INSERT INTO paciente (id, nombre, email, telefono) VALUES (45, 'Úrsula Marín', 'ursula.marin@email.com', '650123456');
INSERT INTO paciente (id, nombre, email, telefono) VALUES (46, 'Vicente Gil', 'vicente.gil@email.com', '661234567');
INSERT INTO paciente (id, nombre, email, telefono) VALUES (47, 'Wendy Navarro', 'wendy.navarro@email.com', '672345678');
INSERT INTO paciente (id, nombre, email, telefono) VALUES (48, 'Xavier Vidal', 'xavier.vidal@email.com', '683456789');
INSERT INTO paciente (id, nombre, email, telefono) VALUES (49, 'Yolanda Pardo', 'yolanda.pardo@email.com', '694567890');
INSERT INTO paciente (id, nombre, email, telefono) VALUES (50, 'Zacarías Montes', 'zacarias.montes@email.com', '606789012');
INSERT INTO paciente (id, nombre, email, telefono) VALUES (51, 'Adrián Ramos', 'adrian.ramos@email.com', '617890123');
INSERT INTO paciente (id, nombre, email, telefono) VALUES (52, 'Berta Soler', 'berta.soler@email.com', '628901234');
INSERT INTO paciente (id, nombre, email, telefono) VALUES (53, 'Claudio Vega', 'claudio.vega@email.com', '639012345');
INSERT INTO paciente (id, nombre, email, telefono) VALUES (54, 'Daniela Rivas', 'daniela.rivas@email.com', '640123456');
INSERT INTO paciente (id, nombre, email, telefono) VALUES (55, 'Enrique Ferrer', 'enrique.ferrer@email.com', '651234567');
INSERT INTO paciente (id, nombre, email, telefono) VALUES (56, 'Fátima Aguilar', 'fatima.aguilar@email.com', '662345678');
INSERT INTO paciente (id, nombre, email, telefono) VALUES (57, 'Gonzalo Flores', 'gonzalo.flores@email.com', '673456789');
INSERT INTO paciente (id, nombre, email, telefono) VALUES (58, 'Hilda Crespo', 'hilda.crespo@email.com', '684567890');
INSERT INTO paciente (id, nombre, email, telefono) VALUES (59, 'Iván Benítez', 'ivan.benitez@email.com', '695678901');
INSERT INTO paciente (id, nombre, email, telefono) VALUES (60, 'Josefa Hidalgo', 'josefa.hidalgo@email.com', '607890123');
INSERT INTO paciente (id, nombre, email, telefono) VALUES (61, 'Juan Manuel Sanz', 'juanmanuel.sanz@email.com', '618901234');
INSERT INTO paciente (id, nombre, email, telefono) VALUES (62, 'Leonor Romero', 'leonor.romero@email.com', '629012345');
INSERT INTO paciente (id, nombre, email, telefono) VALUES (63, 'Marcos Medina', 'marcos.medina@email.com', '640123456');
INSERT INTO paciente (id, nombre, email, telefono) VALUES (64, 'Nuria Cruz', 'nuria.cruz@email.com', '651234567');
INSERT INTO paciente (id, nombre, email, telefono) VALUES (65, 'Orlando Pascual', 'orlando.pascual@email.com', '662345678');
INSERT INTO paciente (id, nombre, email, telefono) VALUES (66, 'Pilar Blanco', 'pilar.blanco@email.com', '673456789');
INSERT INTO paciente (id, nombre, email, telefono) VALUES (67, 'Ramón Garrido', 'ramon.garrido@email.com', '684567890');
INSERT INTO paciente (id, nombre, email, telefono) VALUES (68, 'Silvia Fuentes', 'silvia.fuentes@email.com', '695678901');
INSERT INTO paciente (id, nombre, email, telefono) VALUES (69, 'Tomás Torres', 'tomas.torres@email.com', '608901234');
INSERT INTO paciente (id, nombre, email, telefono) VALUES (70, 'Úrsula Muñoz', 'ursula.munoz@email.com', '619012345');
INSERT INTO paciente (id, nombre, email, telefono) VALUES (71, 'Valentín Calvo', 'valentin.calvo@email.com', '620123456');
INSERT INTO paciente (id, nombre, email, telefono) VALUES (72, 'Virginia Cabrera', 'virginia.cabrera@email.com', '631234567');
INSERT INTO paciente (id, nombre, email, telefono) VALUES (73, 'Wilfredo Pastor', 'wilfredo.pastor@email.com', '642345678');
INSERT INTO paciente (id, nombre, email, telefono) VALUES (74, 'Yasmina Santana', 'yasmina.santana@email.com', '653456789');
INSERT INTO paciente (id, nombre, email, telefono) VALUES (75, 'Zaira Roldán', 'zaira.roldan@email.com', '664567890');
INSERT INTO paciente (id, nombre, email, telefono) VALUES (76, 'Alfredo Soto', 'alfredo.soto@email.com', '675678901');
INSERT INTO paciente (id, nombre, email, telefono) VALUES (77, 'Bárbara Herrero', 'barbara.herrero@email.com', '686789012');
INSERT INTO paciente (id, nombre, email, telefono) VALUES (78, 'Christian Lara', 'christian.lara@email.com', '697890123');
INSERT INTO paciente (id, nombre, email, telefono) VALUES (79, 'Delia Díaz', 'delia.diaz@email.com', '609012345');
INSERT INTO paciente (id, nombre, email, telefono) VALUES (80, 'Esteban López', 'esteban.lopez@email.com', '619123456');

-- Citas
INSERT INTO cita (id, codigo, fecha, duracion_minutos, precio, estado, observaciones, medico_id, paciente_id) VALUES (1, 'CITA-E4BCCDD8', '2026-05-25 14:00:00', 30, 60.00, 'REALIZADA', 'Planificación familiar y anticonceptivos', 4, 74);
INSERT INTO cita (id, codigo, fecha, duracion_minutos, precio, estado, observaciones, medico_id, paciente_id) VALUES (2, 'CITA-BB671763', '2026-05-26 09:00:00', 45, 81.00, 'NO_PRESENTADO', 'Sesión de valoración física', 5, 1);
INSERT INTO cita (id, codigo, fecha, duracion_minutos, precio, estado, observaciones, medico_id, paciente_id) VALUES (3, 'CITA-EAD0F126', '2026-05-27 16:30:00', 30, 45.00, 'REALIZADA', 'Control de soplos', 1, 39);
INSERT INTO cita (id, codigo, fecha, duracion_minutos, precio, estado, observaciones, medico_id, paciente_id) VALUES (4, 'CITA-92D50B16', '2026-05-28 17:30:00', 15, 37.50, 'NO_PRESENTADO', 'Tratamiento de eccema seco', 3, 12);
INSERT INTO cita (id, codigo, fecha, duracion_minutos, precio, estado, observaciones, medico_id, paciente_id) VALUES (5, 'CITA-FE6448A1', '2026-05-29 17:00:00', 15, 37.50, 'REALIZADA', 'Valoración de mancha cutánea', 3, 30);
INSERT INTO cita (id, codigo, fecha, duracion_minutos, precio, estado, observaciones, medico_id, paciente_id) VALUES (6, 'CITA-02665809', '2026-05-29 17:30:00', 30, 60.00, 'REALIZADA', 'Ecografía pélvica', 4, 29);
INSERT INTO cita (id, codigo, fecha, duracion_minutos, precio, estado, observaciones, medico_id, paciente_id) VALUES (7, 'CITA-941BE6C9', '2026-05-29 09:00:00', 45, 81.00, 'REALIZADA', 'Control de prótesis de cadera', 5, 30);
INSERT INTO cita (id, codigo, fecha, duracion_minutos, precio, estado, observaciones, medico_id, paciente_id) VALUES (8, 'CITA-4898ED2F', '2026-05-29 11:00:00', 20, 44.00, 'REALIZADA', 'Revisión de sequedad ocular', 6, 46);
INSERT INTO cita (id, codigo, fecha, duracion_minutos, precio, estado, observaciones, medico_id, paciente_id) VALUES (9, 'CITA-066E42C3', '2026-05-30 10:20:00', 20, 40.00, 'REALIZADA', 'Seguimiento de alergia', 2, 33);
INSERT INTO cita (id, codigo, fecha, duracion_minutos, precio, estado, observaciones, medico_id, paciente_id) VALUES (10, 'CITA-1846CABC', '2026-05-31 09:00:00', 15, 37.50, 'REALIZADA', 'Biopsia de control', 3, 71);
INSERT INTO cita (id, codigo, fecha, duracion_minutos, precio, estado, observaciones, medico_id, paciente_id) VALUES (11, 'CITA-F9D79A8A', '2026-06-01 16:00:00', 30, 45.00, 'PENDIENTE', 'Consulta por palpitaciones leves', 1, 62);
INSERT INTO cita (id, codigo, fecha, duracion_minutos, precio, estado, observaciones, medico_id, paciente_id) VALUES (12, 'CITA-A4F3666D', '2026-06-01 13:00:00', 20, 40.00, 'PENDIENTE', 'Vacunación sistemática y peso', 2, 59);
INSERT INTO cita (id, codigo, fecha, duracion_minutos, precio, estado, observaciones, medico_id, paciente_id) VALUES (13, 'CITA-48BCD0ED', '2026-06-01 12:20:00', 20, 40.00, 'PENDIENTE', 'Revisión del primer año', 2, 40);
INSERT INTO cita (id, codigo, fecha, duracion_minutos, precio, estado, observaciones, medico_id, paciente_id) VALUES (14, 'CITA-5C0487AF', '2026-06-01 16:00:00', 15, 37.50, 'PENDIENTE', 'Tratamiento de eccema seco', 3, 48);
INSERT INTO cita (id, codigo, fecha, duracion_minutos, precio, estado, observaciones, medico_id, paciente_id) VALUES (15, 'CITA-DE5A4FBE', '2026-06-01 13:30:00', 45, 81.00, 'PENDIENTE', 'Revisión de fractura consolidada', 5, 76);
INSERT INTO cita (id, codigo, fecha, duracion_minutos, precio, estado, observaciones, medico_id, paciente_id) VALUES (16, 'CITA-D4947B50', '2026-06-01 12:00:00', 45, 81.00, 'PENDIENTE', 'Dolor cervical agudo', 5, 19);
INSERT INTO cita (id, codigo, fecha, duracion_minutos, precio, estado, observaciones, medico_id, paciente_id) VALUES (17, 'CITA-D0503A5E', '2026-06-01 12:00:00', 20, 44.00, 'PENDIENTE', 'Revisión de sequedad ocular', 6, 78);
INSERT INTO cita (id, codigo, fecha, duracion_minutos, precio, estado, observaciones, medico_id, paciente_id) VALUES (18, 'CITA-8913DB7F', '2026-06-02 14:30:00', 30, 45.00, 'PENDIENTE', 'Revisión rutinaria de cardiología', 1, 54);
INSERT INTO cita (id, codigo, fecha, duracion_minutos, precio, estado, observaciones, medico_id, paciente_id) VALUES (19, 'CITA-39A97D17', '2026-06-02 13:40:00', 20, 40.00, 'PENDIENTE', 'Control de crecimiento mensual', 2, 41);
INSERT INTO cita (id, codigo, fecha, duracion_minutos, precio, estado, observaciones, medico_id, paciente_id) VALUES (20, 'CITA-BA6049FF', '2026-06-02 17:15:00', 45, 81.00, 'PENDIENTE', 'Esguince de tobillo grado I', 5, 36);
INSERT INTO cita (id, codigo, fecha, duracion_minutos, precio, estado, observaciones, medico_id, paciente_id) VALUES (21, 'CITA-E0BB0368', '2026-06-02 16:30:00', 45, 81.00, 'PENDIENTE', 'Infiltración intraarticular rodilla', 5, 7);
INSERT INTO cita (id, codigo, fecha, duracion_minutos, precio, estado, observaciones, medico_id, paciente_id) VALUES (22, 'CITA-FD135A8B', '2026-06-03 11:20:00', 20, 40.00, 'PENDIENTE', 'Consulta de lactancia', 2, 65);
INSERT INTO cita (id, codigo, fecha, duracion_minutos, precio, estado, observaciones, medico_id, paciente_id) VALUES (23, 'CITA-5E6982A4', '2026-06-03 16:00:00', 20, 40.00, 'PENDIENTE', 'Chequeo pediátrico anual', 2, 18);
INSERT INTO cita (id, codigo, fecha, duracion_minutos, precio, estado, observaciones, medico_id, paciente_id) VALUES (24, 'CITA-2F5B0A1D', '2026-06-03 15:30:00', 15, 37.50, 'PENDIENTE', 'Tratamiento de psoriasis leve', 3, 1);
INSERT INTO cita (id, codigo, fecha, duracion_minutos, precio, estado, observaciones, medico_id, paciente_id) VALUES (25, 'CITA-DB19AFA6', '2026-06-03 12:30:00', 15, 37.50, 'PENDIENTE', 'Consulta por brote de acné', 3, 13);
INSERT INTO cita (id, codigo, fecha, duracion_minutos, precio, estado, observaciones, medico_id, paciente_id) VALUES (26, 'CITA-0145605D', '2026-06-03 09:30:00', 30, 60.00, 'PENDIENTE', 'Planificación familiar y anticonceptivos', 4, 51);
INSERT INTO cita (id, codigo, fecha, duracion_minutos, precio, estado, observaciones, medico_id, paciente_id) VALUES (27, 'CITA-6D2B3D65', '2026-06-03 12:45:00', 45, 81.00, 'PENDIENTE', 'Dolor lumbar por sobrecarga', 5, 55);
INSERT INTO cita (id, codigo, fecha, duracion_minutos, precio, estado, observaciones, medico_id, paciente_id) VALUES (28, 'CITA-86071B90', '2026-06-04 10:30:00', 30, 45.00, 'PENDIENTE', 'Revisión rutinaria de cardiología', 1, 46);
INSERT INTO cita (id, codigo, fecha, duracion_minutos, precio, estado, observaciones, medico_id, paciente_id) VALUES (29, 'CITA-A902B7EA', '2026-06-04 13:40:00', 20, 40.00, 'PENDIENTE', 'Dolor abdominal leve', 2, 20);
INSERT INTO cita (id, codigo, fecha, duracion_minutos, precio, estado, observaciones, medico_id, paciente_id) VALUES (30, 'CITA-0EF240E1', '2026-06-04 10:40:00', 20, 40.00, 'PENDIENTE', 'Consulta por fiebre y tos', 2, 22);
INSERT INTO cita (id, codigo, fecha, duracion_minutos, precio, estado, observaciones, medico_id, paciente_id) VALUES (31, 'CITA-101CBB1C', '2026-06-04 10:30:00', 30, 60.00, 'PENDIENTE', 'Ecografía pélvica', 4, 8);
INSERT INTO cita (id, codigo, fecha, duracion_minutos, precio, estado, observaciones, medico_id, paciente_id) VALUES (32, 'CITA-DC7CC9B5', '2026-06-04 10:00:00', 30, 60.00, 'PENDIENTE', 'Revisión citológica', 4, 1);
INSERT INTO cita (id, codigo, fecha, duracion_minutos, precio, estado, observaciones, medico_id, paciente_id) VALUES (33, 'CITA-714FE4AD', '2026-06-04 16:30:00', 45, 81.00, 'PENDIENTE', 'Sesión de valoración física', 5, 65);
INSERT INTO cita (id, codigo, fecha, duracion_minutos, precio, estado, observaciones, medico_id, paciente_id) VALUES (34, 'CITA-A6EDC2CE', '2026-06-04 15:40:00', 20, 44.00, 'PENDIENTE', 'Control de agudeza visual y graduación', 6, 43);
INSERT INTO cita (id, codigo, fecha, duracion_minutos, precio, estado, observaciones, medico_id, paciente_id) VALUES (35, 'CITA-988A4B03', '2026-06-05 14:00:00', 30, 45.00, 'PENDIENTE', 'Electrocardiograma de control', 1, 61);
INSERT INTO cita (id, codigo, fecha, duracion_minutos, precio, estado, observaciones, medico_id, paciente_id) VALUES (36, 'CITA-1A4D7F35', '2026-06-05 13:40:00', 20, 40.00, 'PENDIENTE', 'Control de crecimiento mensual', 2, 63);
INSERT INTO cita (id, codigo, fecha, duracion_minutos, precio, estado, observaciones, medico_id, paciente_id) VALUES (37, 'CITA-9BA9581C', '2026-06-05 16:45:00', 15, 37.50, 'PENDIENTE', 'Valoración de mancha cutánea', 3, 45);
INSERT INTO cita (id, codigo, fecha, duracion_minutos, precio, estado, observaciones, medico_id, paciente_id) VALUES (38, 'CITA-F2AE8235', '2026-06-05 16:15:00', 15, 37.50, 'PENDIENTE', 'Control de dermatitis atópica', 3, 74);
INSERT INTO cita (id, codigo, fecha, duracion_minutos, precio, estado, observaciones, medico_id, paciente_id) VALUES (39, 'CITA-AA1F356D', '2026-06-05 17:30:00', 30, 60.00, 'PENDIENTE', 'Consulta anual de control', 4, 68);
INSERT INTO cita (id, codigo, fecha, duracion_minutos, precio, estado, observaciones, medico_id, paciente_id) VALUES (40, 'CITA-8FBA129E', '2026-06-05 11:30:00', 30, 60.00, 'PENDIENTE', 'Consulta por desarreglo hormonal', 4, 24);
INSERT INTO cita (id, codigo, fecha, duracion_minutos, precio, estado, observaciones, medico_id, paciente_id) VALUES (41, 'CITA-F0472E65', '2026-06-05 12:45:00', 45, 81.00, 'PENDIENTE', 'Estudio de pisada y dolor talón', 5, 76);
INSERT INTO cita (id, codigo, fecha, duracion_minutos, precio, estado, observaciones, medico_id, paciente_id) VALUES (42, 'CITA-D1CE4947', '2026-06-05 09:45:00', 45, 81.00, 'PENDIENTE', 'Control de prótesis de cadera', 5, 43);
INSERT INTO cita (id, codigo, fecha, duracion_minutos, precio, estado, observaciones, medico_id, paciente_id) VALUES (43, 'CITA-ABCFBEC9', '2026-06-05 13:00:00', 20, 44.00, 'PENDIENTE', 'Conjuntivitis alérgica estacional', 6, 14);
INSERT INTO cita (id, codigo, fecha, duracion_minutos, precio, estado, observaciones, medico_id, paciente_id) VALUES (44, 'CITA-25842D8D', '2026-06-05 12:40:00', 20, 44.00, 'PENDIENTE', 'Revisión de sequedad ocular', 6, 57);
INSERT INTO cita (id, codigo, fecha, duracion_minutos, precio, estado, observaciones, medico_id, paciente_id) VALUES (45, 'CITA-5913254C', '2026-06-06 12:00:00', 30, 45.00, 'PENDIENTE', 'Chequeo post-esfuerzo', 1, 79);
INSERT INTO cita (id, codigo, fecha, duracion_minutos, precio, estado, observaciones, medico_id, paciente_id) VALUES (46, 'CITA-AA2A30F4', '2026-06-06 16:30:00', 30, 45.00, 'PENDIENTE', 'Chequeo post-esfuerzo', 1, 21);
INSERT INTO cita (id, codigo, fecha, duracion_minutos, precio, estado, observaciones, medico_id, paciente_id) VALUES (47, 'CITA-8C8F664C', '2026-06-06 15:00:00', 20, 40.00, 'PENDIENTE', 'Revisión del primer año', 2, 9);
INSERT INTO cita (id, codigo, fecha, duracion_minutos, precio, estado, observaciones, medico_id, paciente_id) VALUES (48, 'CITA-A913809D', '2026-06-06 12:00:00', 45, 81.00, 'PENDIENTE', 'Esguince de tobillo grado I', 5, 55);
INSERT INTO cita (id, codigo, fecha, duracion_minutos, precio, estado, observaciones, medico_id, paciente_id) VALUES (49, 'CITA-8BDFC9C6', '2026-06-07 10:40:00', 20, 40.00, 'PENDIENTE', 'Seguimiento de alergia', 2, 26);
INSERT INTO cita (id, codigo, fecha, duracion_minutos, precio, estado, observaciones, medico_id, paciente_id) VALUES (50, 'CITA-FE915AA5', '2026-06-07 13:30:00', 15, 37.50, 'PENDIENTE', 'Consulta por brote de acné', 3, 50);
INSERT INTO cita (id, codigo, fecha, duracion_minutos, precio, estado, observaciones, medico_id, paciente_id) VALUES (51, 'CITA-A21B9BAE', '2026-06-07 16:30:00', 30, 60.00, 'PENDIENTE', 'Control post-parto rutinario', 4, 35);
INSERT INTO cita (id, codigo, fecha, duracion_minutos, precio, estado, observaciones, medico_id, paciente_id) VALUES (52, 'CITA-D76E83FA', '2026-06-07 17:15:00', 45, 81.00, 'PENDIENTE', 'Revisión de fractura consolidada', 5, 31);
INSERT INTO cita (id, codigo, fecha, duracion_minutos, precio, estado, observaciones, medico_id, paciente_id) VALUES (53, 'CITA-2DF0F121', '2026-06-07 15:00:00', 45, 81.00, 'PENDIENTE', 'Dolor cervical agudo', 5, 37);
INSERT INTO cita (id, codigo, fecha, duracion_minutos, precio, estado, observaciones, medico_id, paciente_id) VALUES (54, 'CITA-DECE4EAE', '2026-06-08 13:40:00', 20, 40.00, 'PENDIENTE', 'Seguimiento de alergia', 2, 31);
INSERT INTO cita (id, codigo, fecha, duracion_minutos, precio, estado, observaciones, medico_id, paciente_id) VALUES (55, 'CITA-8BDCEF6A', '2026-06-08 11:20:00', 20, 40.00, 'PENDIENTE', 'Dolor abdominal leve', 2, 51);
INSERT INTO cita (id, codigo, fecha, duracion_minutos, precio, estado, observaciones, medico_id, paciente_id) VALUES (56, 'CITA-FBBB3815', '2026-06-08 09:30:00', 15, 37.50, 'PENDIENTE', 'Biopsia de control', 3, 32);
INSERT INTO cita (id, codigo, fecha, duracion_minutos, precio, estado, observaciones, medico_id, paciente_id) VALUES (57, 'CITA-301BB920', '2026-06-08 12:00:00', 15, 37.50, 'PENDIENTE', 'Biopsia de control', 3, 55);
INSERT INTO cita (id, codigo, fecha, duracion_minutos, precio, estado, observaciones, medico_id, paciente_id) VALUES (58, 'CITA-66542289', '2026-06-08 16:00:00', 30, 60.00, 'PENDIENTE', 'Planificación familiar y anticonceptivos', 4, 26);
INSERT INTO cita (id, codigo, fecha, duracion_minutos, precio, estado, observaciones, medico_id, paciente_id) VALUES (59, 'CITA-D2079F3C', '2026-06-08 12:45:00', 45, 81.00, 'PENDIENTE', 'Revisión de fractura consolidada', 5, 53);
INSERT INTO cita (id, codigo, fecha, duracion_minutos, precio, estado, observaciones, medico_id, paciente_id) VALUES (60, 'CITA-6606FB0C', '2026-06-08 15:00:00', 45, 81.00, 'PENDIENTE', 'Esguince de tobillo grado I', 5, 18);
INSERT INTO cita (id, codigo, fecha, duracion_minutos, precio, estado, observaciones, medico_id, paciente_id) VALUES (61, 'CITA-30CF5D7C', '2026-06-08 17:40:00', 20, 44.00, 'PENDIENTE', 'Conjuntivitis alérgica estacional', 6, 80);
INSERT INTO cita (id, codigo, fecha, duracion_minutos, precio, estado, observaciones, medico_id, paciente_id) VALUES (62, 'CITA-FAF35AC4', '2026-06-09 16:30:00', 15, 37.50, 'PENDIENTE', 'Valoración de mancha cutánea', 3, 71);
INSERT INTO cita (id, codigo, fecha, duracion_minutos, precio, estado, observaciones, medico_id, paciente_id) VALUES (63, 'CITA-9E39B0D9', '2026-06-09 10:00:00', 15, 37.50, 'PENDIENTE', 'Tratamiento de eccema seco', 3, 11);
INSERT INTO cita (id, codigo, fecha, duracion_minutos, precio, estado, observaciones, medico_id, paciente_id) VALUES (64, 'CITA-D855BDC7', '2026-06-09 13:30:00', 30, 60.00, 'PENDIENTE', 'Ecografía pélvica', 4, 49);
INSERT INTO cita (id, codigo, fecha, duracion_minutos, precio, estado, observaciones, medico_id, paciente_id) VALUES (65, 'CITA-06772F62', '2026-06-09 13:00:00', 30, 60.00, 'PENDIENTE', 'Consulta por molestias', 4, 64);
INSERT INTO cita (id, codigo, fecha, duracion_minutos, precio, estado, observaciones, medico_id, paciente_id) VALUES (66, 'CITA-C4D4DF60', '2026-06-09 16:30:00', 45, 81.00, 'PENDIENTE', 'Sesión de valoración física', 5, 63);
INSERT INTO cita (id, codigo, fecha, duracion_minutos, precio, estado, observaciones, medico_id, paciente_id) VALUES (67, 'CITA-DE3D9923', '2026-06-09 15:00:00', 45, 81.00, 'PENDIENTE', 'Esguince de tobillo grado I', 5, 54);
INSERT INTO cita (id, codigo, fecha, duracion_minutos, precio, estado, observaciones, medico_id, paciente_id) VALUES (68, 'CITA-5B1E2809', '2026-06-10 14:40:00', 20, 40.00, 'PENDIENTE', 'Dolor abdominal leve', 2, 60);
INSERT INTO cita (id, codigo, fecha, duracion_minutos, precio, estado, observaciones, medico_id, paciente_id) VALUES (69, 'CITA-2AB6DC54', '2026-06-10 16:20:00', 20, 40.00, 'PENDIENTE', 'Consulta de lactancia', 2, 23);
INSERT INTO cita (id, codigo, fecha, duracion_minutos, precio, estado, observaciones, medico_id, paciente_id) VALUES (70, 'CITA-7633DCB3', '2026-06-10 10:00:00', 15, 37.50, 'PENDIENTE', 'Valoración de mancha cutánea', 3, 64);
INSERT INTO cita (id, codigo, fecha, duracion_minutos, precio, estado, observaciones, medico_id, paciente_id) VALUES (71, 'CITA-C2A080BA', '2026-06-10 16:30:00', 30, 60.00, 'PENDIENTE', 'Consulta anual de control', 4, 65);
INSERT INTO cita (id, codigo, fecha, duracion_minutos, precio, estado, observaciones, medico_id, paciente_id) VALUES (72, 'CITA-8E41098F', '2026-06-10 15:45:00', 45, 81.00, 'PENDIENTE', 'Infiltración intraarticular rodilla', 5, 72);
INSERT INTO cita (id, codigo, fecha, duracion_minutos, precio, estado, observaciones, medico_id, paciente_id) VALUES (73, 'CITA-AF981BBF', '2026-06-11 12:00:00', 30, 45.00, 'PENDIENTE', 'Revisión de marcapasos', 1, 8);
INSERT INTO cita (id, codigo, fecha, duracion_minutos, precio, estado, observaciones, medico_id, paciente_id) VALUES (74, 'CITA-35DA7F3D', '2026-06-11 13:00:00', 30, 45.00, 'PENDIENTE', 'Revisión rutinaria de cardiología', 1, 45);
INSERT INTO cita (id, codigo, fecha, duracion_minutos, precio, estado, observaciones, medico_id, paciente_id) VALUES (75, 'CITA-79FA5597', '2026-06-11 17:40:00', 20, 40.00, 'PENDIENTE', 'Consulta por fiebre y tos', 2, 8);
INSERT INTO cita (id, codigo, fecha, duracion_minutos, precio, estado, observaciones, medico_id, paciente_id) VALUES (76, 'CITA-0C970CB7', '2026-06-11 11:00:00', 15, 37.50, 'PENDIENTE', 'Consulta por brote de acné', 3, 21);
INSERT INTO cita (id, codigo, fecha, duracion_minutos, precio, estado, observaciones, medico_id, paciente_id) VALUES (77, 'CITA-E8CE9E62', '2026-06-11 15:45:00', 45, 81.00, 'PENDIENTE', 'Revisión de fractura consolidada', 5, 33);
INSERT INTO cita (id, codigo, fecha, duracion_minutos, precio, estado, observaciones, medico_id, paciente_id) VALUES (78, 'CITA-95FEC797', '2026-06-11 10:00:00', 20, 44.00, 'PENDIENTE', 'Estudio de fondo de ojo diabético', 6, 39);
INSERT INTO cita (id, codigo, fecha, duracion_minutos, precio, estado, observaciones, medico_id, paciente_id) VALUES (79, 'CITA-90D6D5C7', '2026-06-11 17:40:00', 20, 44.00, 'PENDIENTE', 'Control de agudeza visual y graduación', 6, 30);
INSERT INTO cita (id, codigo, fecha, duracion_minutos, precio, estado, observaciones, medico_id, paciente_id) VALUES (80, 'CITA-AFACEE51', '2026-06-12 12:00:00', 30, 45.00, 'PENDIENTE', 'Revisión de marcapasos', 1, 35);
INSERT INTO cita (id, codigo, fecha, duracion_minutos, precio, estado, observaciones, medico_id, paciente_id) VALUES (81, 'CITA-AF9CB1B4', '2026-06-12 09:45:00', 15, 37.50, 'PENDIENTE', 'Eliminación de queratosis', 3, 47);
INSERT INTO cita (id, codigo, fecha, duracion_minutos, precio, estado, observaciones, medico_id, paciente_id) VALUES (82, 'CITA-8B463DCB', '2026-06-12 17:15:00', 15, 37.50, 'PENDIENTE', 'Control de dermatitis atópica', 3, 58);
INSERT INTO cita (id, codigo, fecha, duracion_minutos, precio, estado, observaciones, medico_id, paciente_id) VALUES (83, 'CITA-1102B03A', '2026-06-12 15:30:00', 30, 60.00, 'PENDIENTE', 'Planificación familiar y anticonceptivos', 4, 8);
INSERT INTO cita (id, codigo, fecha, duracion_minutos, precio, estado, observaciones, medico_id, paciente_id) VALUES (84, 'CITA-6153D1C6', '2026-06-12 15:45:00', 45, 81.00, 'PENDIENTE', 'Control de prótesis de cadera', 5, 67);
INSERT INTO cita (id, codigo, fecha, duracion_minutos, precio, estado, observaciones, medico_id, paciente_id) VALUES (85, 'CITA-F24D0CAF', '2026-06-12 14:40:00', 20, 44.00, 'PENDIENTE', 'Control de miopía magna', 6, 9);
INSERT INTO cita (id, codigo, fecha, duracion_minutos, precio, estado, observaciones, medico_id, paciente_id) VALUES (86, 'CITA-2E17505B', '2026-06-13 17:45:00', 15, 37.50, 'PENDIENTE', 'Valoración de mancha cutánea', 3, 11);
INSERT INTO cita (id, codigo, fecha, duracion_minutos, precio, estado, observaciones, medico_id, paciente_id) VALUES (87, 'CITA-8C9BB08A', '2026-06-13 15:45:00', 15, 37.50, 'PENDIENTE', 'Control de dermatitis atópica', 3, 26);
INSERT INTO cita (id, codigo, fecha, duracion_minutos, precio, estado, observaciones, medico_id, paciente_id) VALUES (88, 'CITA-BF2ED19F', '2026-06-13 15:30:00', 30, 60.00, 'PENDIENTE', 'Consulta por molestias', 4, 52);
INSERT INTO cita (id, codigo, fecha, duracion_minutos, precio, estado, observaciones, medico_id, paciente_id) VALUES (89, 'CITA-C0BC8BB7', '2026-06-13 12:00:00', 45, 81.00, 'PENDIENTE', 'Dolor cervical agudo', 5, 18);
INSERT INTO cita (id, codigo, fecha, duracion_minutos, precio, estado, observaciones, medico_id, paciente_id) VALUES (90, 'CITA-3943D918', '2026-06-13 12:45:00', 45, 81.00, 'PENDIENTE', 'Dolor cervical agudo', 5, 42);
INSERT INTO cita (id, codigo, fecha, duracion_minutos, precio, estado, observaciones, medico_id, paciente_id) VALUES (91, 'CITA-3BCFF41F', '2026-06-14 11:30:00', 30, 45.00, 'PENDIENTE', 'Consulta por palpitaciones leves', 1, 27);
INSERT INTO cita (id, codigo, fecha, duracion_minutos, precio, estado, observaciones, medico_id, paciente_id) VALUES (92, 'CITA-2CEAEF7F', '2026-06-14 12:40:00', 20, 40.00, 'PENDIENTE', 'Vacunación sistemática y peso', 2, 24);
INSERT INTO cita (id, codigo, fecha, duracion_minutos, precio, estado, observaciones, medico_id, paciente_id) VALUES (93, 'CITA-C8403F29', '2026-06-14 15:20:00', 20, 40.00, 'PENDIENTE', 'Revisión del primer año', 2, 32);
INSERT INTO cita (id, codigo, fecha, duracion_minutos, precio, estado, observaciones, medico_id, paciente_id) VALUES (94, 'CITA-3BF15D47', '2026-06-14 12:30:00', 15, 37.50, 'PENDIENTE', 'Consulta por brote de acné', 3, 4);
INSERT INTO cita (id, codigo, fecha, duracion_minutos, precio, estado, observaciones, medico_id, paciente_id) VALUES (95, 'CITA-2FE1AE9C', '2026-06-14 14:15:00', 15, 37.50, 'PENDIENTE', 'Valoración de mancha cutánea', 3, 44);
INSERT INTO cita (id, codigo, fecha, duracion_minutos, precio, estado, observaciones, medico_id, paciente_id) VALUES (96, 'CITA-2206B5D2', '2026-06-14 16:30:00', 30, 60.00, 'PENDIENTE', 'Planificación familiar y anticonceptivos', 4, 7);
INSERT INTO cita (id, codigo, fecha, duracion_minutos, precio, estado, observaciones, medico_id, paciente_id) VALUES (97, 'CITA-2D37650E', '2026-06-14 14:15:00', 45, 81.00, 'PENDIENTE', 'Control de prótesis de cadera', 5, 67);
INSERT INTO cita (id, codigo, fecha, duracion_minutos, precio, estado, observaciones, medico_id, paciente_id) VALUES (98, 'CITA-34B33DBE', '2026-06-14 12:45:00', 45, 81.00, 'PENDIENTE', 'Dolor lumbar por sobrecarga', 5, 27);
INSERT INTO cita (id, codigo, fecha, duracion_minutos, precio, estado, observaciones, medico_id, paciente_id) VALUES (99, 'CITA-3F7EB8EC', '2026-06-14 11:00:00', 20, 44.00, 'PENDIENTE', 'Revisión post-quirúrgica', 6, 42);
INSERT INTO cita (id, codigo, fecha, duracion_minutos, precio, estado, observaciones, medico_id, paciente_id) VALUES (100, 'CITA-D1CEF8FF', '2026-06-14 15:00:00', 20, 44.00, 'PENDIENTE', 'Revisión de sequedad ocular', 6, 56);
INSERT INTO cita (id, codigo, fecha, duracion_minutos, precio, estado, observaciones, medico_id, paciente_id) VALUES (101, 'CITA-2442C331', '2026-06-15 17:00:00', 30, 45.00, 'PENDIENTE', 'Seguimiento de tensión arterial', 1, 73);
INSERT INTO cita (id, codigo, fecha, duracion_minutos, precio, estado, observaciones, medico_id, paciente_id) VALUES (102, 'CITA-F47EDD87', '2026-06-15 14:20:00', 20, 40.00, 'PENDIENTE', 'Dolor abdominal leve', 2, 56);
INSERT INTO cita (id, codigo, fecha, duracion_minutos, precio, estado, observaciones, medico_id, paciente_id) VALUES (103, 'CITA-63C606C9', '2026-06-15 11:40:00', 20, 40.00, 'PENDIENTE', 'Revisión del primer año', 2, 64);
INSERT INTO cita (id, codigo, fecha, duracion_minutos, precio, estado, observaciones, medico_id, paciente_id) VALUES (104, 'CITA-3CEA5170', '2026-06-15 09:45:00', 15, 37.50, 'PENDIENTE', 'Tratamiento de eccema seco', 3, 72);
INSERT INTO cita (id, codigo, fecha, duracion_minutos, precio, estado, observaciones, medico_id, paciente_id) VALUES (105, 'CITA-D41E8786', '2026-06-15 17:00:00', 30, 60.00, 'PENDIENTE', 'Consulta por molestias', 4, 17);
INSERT INTO cita (id, codigo, fecha, duracion_minutos, precio, estado, observaciones, medico_id, paciente_id) VALUES (106, 'CITA-BB713980', '2026-06-15 14:00:00', 30, 60.00, 'PENDIENTE', 'Ecografía pélvica', 4, 45);
INSERT INTO cita (id, codigo, fecha, duracion_minutos, precio, estado, observaciones, medico_id, paciente_id) VALUES (107, 'CITA-166F850D', '2026-06-15 09:45:00', 45, 81.00, 'PENDIENTE', 'Esguince de tobillo grado I', 5, 76);
INSERT INTO cita (id, codigo, fecha, duracion_minutos, precio, estado, observaciones, medico_id, paciente_id) VALUES (108, 'CITA-54985394', '2026-06-15 11:15:00', 45, 81.00, 'PENDIENTE', 'Dolor cervical agudo', 5, 47);
INSERT INTO cita (id, codigo, fecha, duracion_minutos, precio, estado, observaciones, medico_id, paciente_id) VALUES (109, 'CITA-6324A162', '2026-06-15 15:00:00', 20, 44.00, 'PENDIENTE', 'Conjuntivitis alérgica estacional', 6, 44);
INSERT INTO cita (id, codigo, fecha, duracion_minutos, precio, estado, observaciones, medico_id, paciente_id) VALUES (110, 'CITA-8088DFEC', '2026-06-15 13:00:00', 20, 44.00, 'PENDIENTE', 'Medición de presión intraocular', 6, 74);
INSERT INTO cita (id, codigo, fecha, duracion_minutos, precio, estado, observaciones, medico_id, paciente_id) VALUES (111, 'CITA-AE92149B', '2026-06-16 10:20:00', 20, 40.00, 'PENDIENTE', 'Vacunación sistemática y peso', 2, 50);
INSERT INTO cita (id, codigo, fecha, duracion_minutos, precio, estado, observaciones, medico_id, paciente_id) VALUES (112, 'CITA-ED6CB87E', '2026-06-16 13:30:00', 15, 37.50, 'PENDIENTE', 'Biopsia de control', 3, 58);
INSERT INTO cita (id, codigo, fecha, duracion_minutos, precio, estado, observaciones, medico_id, paciente_id) VALUES (113, 'CITA-6ADBC036', '2026-06-16 12:30:00', 30, 60.00, 'PENDIENTE', 'Consulta por molestias', 4, 61);
INSERT INTO cita (id, codigo, fecha, duracion_minutos, precio, estado, observaciones, medico_id, paciente_id) VALUES (114, 'CITA-297139A4', '2026-06-16 10:40:00', 20, 44.00, 'PENDIENTE', 'Medición de presión intraocular', 6, 30);

-- Reset sequences to avoid PK conflicts
ALTER SEQUENCE PACIENTE_SEQ RESTART WITH 1000;
ALTER SEQUENCE MEDICO_SEQ RESTART WITH 1000;
ALTER SEQUENCE CITA_SEQ RESTART WITH 1000;
